#	Russian (m)	English	Stress	Feminine	Neuter	Plural	Short Form	Comparative	Opposite	Stem Type	Additional Info	Status
1	новый	new	но́вый	новая	новое	новые	нов, нова́, но́во, но́вы	нове́е	старый	hard		New
2	старый	old	ста́рый	старая	старое	старые			новый	hard		New
3	хороший	good	хоро́ший	хорошая	хорошее	хорошие			плохой	sibilant stem (-жий/-ший/-чий/-щий)	irregular comparative: лучше	New
4	плохой	bad	плохо́й	плохая	плохое	плохие			хороший	stressed ending (-ой)	irregular comparative: хуже	New
5	большой	big; large	большо́й	большая	большое	большие			маленький	stressed ending (-ой)	comparative: больше; stressed ending	New
6	маленький	small; little	ма́ленький	маленькая	маленькое	маленькие			большой	velar stem (-кий/-гий/-хий)	comparative: меньше	New
7	высокий	tall; high	высо́кий	высокая	высокое	высокие			низкий	velar stem (-кий/-гий/-хий)		New
8	низкий	low; short	ни́зкий	низкая	низкое	низкие			высокий	velar stem (-кий/-гий/-хий)		New
9	сильный	strong	си́льный	сильная	сильное	сильные			слабый	hard		New
10	слабый	weak	сла́бый	слабая	слабое	слабые			сильный	hard		New
11	тяжёлый	heavy; hard	тяжёлый	тяжёлая	тяжёлое	тяжёлые			лёгкий	hard	heavy or hard/difficult	New
12	лёгкий	light; easy	лёгкий	лёгкая	лёгкое	лёгкие			тяжёлый	velar stem (-кий/-гий/-хий)	light (weight) or easy	New
13	длинный	long	дли́нный	длинная	длинное	длинные			короткий	hard		New
14	короткий	short	коро́ткий	короткая	короткое	короткие			длинный	velar stem (-кий/-гий/-хий)		New
15	быстрый	fast; quick	бы́стрый	быстрая	быстрое	быстрые			медленный	hard		New
16	медленный	slow	ме́дленный	медленная	медленное	медленные			быстрый	hard		New
17	трудный	difficult	тру́дный	трудная	трудное	трудные			лёгкий	hard		New
18	простой	simple	просто́й	простая	простое	простые			сложный	stressed ending (-ой)		New
19	сложный	complicated; complex	сло́жный	сложная	сложное	сложные			простой	hard		New
20	чистый	clean; pure	чи́стый	чистая	чистое	чистые			грязный	hard		New
21	грязный	dirty	гря́зный	грязная	грязное	грязные			чистый	hard		New
22	дорогой	expensive; dear	дорого́й	дорогая	дорогое	дорогие			дешёвый	stressed ending (-ой)	also 'dear' as a term of address	New
23	дешёвый	cheap	дешёвый	дешёвая	дешёвое	дешёвые			дорогой	hard		New
24	красивый	beautiful; handsome	краси́вый	красивая	красивое	красивые			уродливый	hard		New
25	уродливый	ugly	уро́дливый	уродливая	уродливое	уродливые			красивый	hard		New
26	ужасный	terrible; awful	ужа́сный	ужасная	ужасное	ужасные				hard		New
27	правильный	correct; right	пра́вильный	правильная	правильное	правильные			неправильный	hard		New
28	неправильный	incorrect; wrong	непра́вильный	неправильная	неправильное	неправильные			правильный	hard		New
29	серьёзный	serious	серьёзный	серьёзная	серьёзное	серьёзные				hard		New
30	холодный	cold	холо́дный	холодная	холодное	холодные			горячий	hard		New
31	тёплый	warm	тёплый	тёплая	тёплое	тёплые			прохладный	hard		New
32	жаркий	hot (weather)	жа́ркий	жаркая	жаркое	жаркие				velar stem (-кий/-гий/-хий)	weather/climate; горячий = hot to the touch	New
33	горячий	hot (to the touch)	горя́чий	горячая	горячее	горячие			холодный	sibilant stem (-жий/-ший/-чий/-щий)	hot to the touch; жаркий = hot weather	New
34	прохладный	cool	прохла́дный	прохладная	прохладное	прохладные				hard		New
35	тихий	quiet	ти́хий	тихая	тихое	тихие			громкий	velar stem (-кий/-гий/-хий)		New
36	громкий	loud	гро́мкий	громкая	громкое	громкие			тихий	velar stem (-кий/-гий/-хий)		New
37	частый	frequent	ча́стый	частая	частое	частые			редкий	hard		New
38	редкий	rare	ре́дкий	редкая	редкое	редкие			частый	velar stem (-кий/-гий/-хий)		New
39	внимательный	attentive; careful	внима́тельный	внимательная	внимательное	внимательные				hard		New
40	странный	strange	стра́нный	странная	странное	странные				hard		New
41	умный	smart; clever	у́мный	умная	умное	умные			глупый	hard		New
42	глупый	stupid; silly	глу́пый	глупая	глупое	глупые			умный	hard		New
43	добрый	kind	до́брый	добрая	доброе	добрые			злой	hard		New
44	злой	mean; evil; angry	злой	злая	злое	злые			добрый	stressed ending (-ой)	mean/evil; also 'angry' (злой на кого)	New
45	смелый	brave	сме́лый	смелая	смелое	смелые				hard		New
46	богатый	rich	бога́тый	богатая	богатое	богатые			бедный	hard		New
47	бедный	poor	бе́дный	бедная	бедное	бедные			богатый	hard		New
48	здоровый	healthy	здоро́вый	здоровая	здоровое	здоровые			больной	hard	short form здоров = 'well, healthy'	New
49	больной	sick; ill	больно́й	больная	больное	больные			здоровый	stressed ending (-ой)	also a noun: 'a patient'	New
50	молодой	young	молодо́й	молодая	молодое	молодые			старый	stressed ending (-ой)		New
51	весёлый	cheerful; fun	весёлый	весёлая	весёлое	весёлые			грустный	hard		New
52	грустный	sad	гру́стный	грустная	грустное	грустные			весёлый	hard		New
53	счастливый	happy	счастли́вый	счастливая	счастливое	счастливые				hard		New
54	радостный	joyful	ра́достный	радостная	радостное	радостные				hard		New
55	честный	honest	че́стный	честная	честное	честные				hard		New
56	хитрый	cunning; sly	хи́трый	хитрая	хитрое	хитрые				hard		New
57	строгий	strict	стро́гий	строгая	строгое	строгие				velar stem (-кий/-гий/-хий)		New
58	жестокий	cruel	жесто́кий	жестокая	жестокое	жестокие				velar stem (-кий/-гий/-хий)		New
59	нежный	tender; gentle	не́жный	нежная	нежное	нежные				hard		New
60	спокойный	calm	споко́йный	спокойная	спокойное	спокойные				hard		New
61	нервный	nervous	не́рвный	нервная	нервное	нервные				hard		New
62	нормальный	normal	норма́льный	нормальная	нормальное	нормальные				hard		New
63	ленивый	lazy	лени́вый	ленивая	ленивое	ленивые				hard		New
64	интересный	interesting	интере́сный	интересная	интересное	интересные			скучный	hard		New
65	скучный	boring	ску́чный	скучная	скучное	скучные			интересный	hard		New
66	смешной	funny	смешно́й	смешная	смешное	смешные				stressed ending (-ой)		New
67	белый	white	бе́лый	белая	белое	белые			чёрный	hard		New
68	чёрный	black	чёрный	чёрная	чёрное	чёрные			белый	hard		New
69	красный	red	кра́сный	красная	красное	красные				hard		New
70	синий	blue (dark)	си́ний	синяя	синее	синие				soft	dark blue; голубой = light blue (Russian treats them as separate colors)	New
71	зелёный	green	зелёный	зелёная	зелёное	зелёные				hard		New
72	жёлтый	yellow	жёлтый	жёлтая	жёлтое	жёлтые				hard		New
73	серый	gray	се́рый	серая	серое	серые				hard		New
74	коричневый	brown	кори́чневый	коричневая	коричневое	коричневые				hard		New
75	главный	main; chief	гла́вный	главная	главное	главные				hard		New
76	первый	first	пе́рвый	первая	первое	первые			последний	hard		New
77	последний	last	после́дний	последняя	последнее	последние			первый	soft	soft-stem adjective	New
78	следующий	next; following	сле́дующий	следующая	следующее	следующие			предыдущий	sibilant stem (-жий/-ший/-чий/-щий)		New
79	предыдущий	previous	преды́дущий	предыдущая	предыдущее	предыдущие			следующий	sibilant stem (-жий/-ший/-чий/-щий)		New
80	ранний	early	ра́нний	ранняя	раннее	ранние			поздний	soft		New
81	поздний	late	по́здний	поздняя	позднее	поздние			ранний	soft		New
82	утренний	morning (adj.)	у́тренний	утренняя	утреннее	утренние			вечерний	soft		New
83	вечерний	evening (adj.)	вече́рний	вечерняя	вечернее	вечерние			утренний	soft		New
84	ночной	night (adj.)	ночно́й	ночная	ночное	ночные			дневной	stressed ending (-ой)		New
85	дневной	day; daytime (adj.)	дневно́й	дневная	дневное	дневные			ночной	stressed ending (-ой)		New
86	зимний	winter (adj.)	зи́мний	зимняя	зимнее	зимние			летний	soft		New
87	весенний	spring (adj.)	весе́нний	весенняя	весеннее	весенние			осенний	soft		New
88	летний	summer (adj.)	ле́тний	летняя	летнее	летние			зимний	soft		New
89	осенний	autumn (adj.)	осе́нний	осенняя	осеннее	осенние			весенний	soft		New
90	прошлый	past; last (week, year)	про́шлый	прошлая	прошлое	прошлые			будущий	hard	в прошлом году = last year	New
91	настоящий	real; genuine; present	настоя́щий	настоящая	настоящее	настоящие				sibilant stem (-жий/-ший/-чий/-щий)	also 'present' (настоящее время = present tense)	New
92	будущий	future	бу́дущий	будущая	будущее	будущие			прошлый	sibilant stem (-жий/-ший/-чий/-щий)	в будущем году = next year	New
93	современный	modern	совреме́нный	современная	современное	современные				hard		New
94	русский	Russian	ру́сский	русская	русское	русские				velar stem (-кий/-гий/-хий)	lowercase in Russian; also a noun: 'a Russian (person)'	New
95	разный	different; various	ра́зный	разная	разное	разные			одинаковый	hard		New
96	одинаковый	identical; the same	одина́ковый	одинаковая	одинаковое	одинаковые			разный	hard		New
97	похожий	similar	похо́жий	похожая	похожее	похожие				sibilant stem (-жий/-ший/-чий/-щий)	похож на + accusative	New
98	полный	full	по́лный	полная	полное	полные			пустой	hard		New
99	пустой	empty	пусто́й	пустая	пустое	пустые			полный	stressed ending (-ой)		New
100	свободный	free	свобо́дный	свободная	свободное	свободные			занятой	hard		New
101	занятой	busy (of a person)	занято́й	занятая	занятое	занятые			свободный	stressed ending (-ой)	занятой = busy person; занятый = occupied (seat, line)	New
102	открытый	open	откры́тый	открытая	открытое	открытые			закрытый	hard		New
103	закрытый	closed	закры́тый	закрытая	закрытое	закрытые			открытый	hard		New
104	правый	right (side)	пра́вый	правая	правое	правые			левый	hard	also 'right-wing'; прав = 'correct' (short form)	New
105	левый	left (side)	ле́вый	левая	левое	левые			правый	hard		New
106	прямой	straight; direct	прямо́й	прямая	прямое	прямые				stressed ending (-ой)		New
107	острый	sharp; spicy	о́стрый	острая	острое	острые			тупой	hard		New
108	тупой	blunt; dumb	тупо́й	тупая	тупое	тупые			острый	stressed ending (-ой)		New
109	твёрдый	hard; firm	твёрдый	твёрдая	твёрдое	твёрдые			мягкий	hard		New
110	мягкий	soft	мя́гкий	мягкая	мягкое	мягкие			твёрдый	velar stem (-кий/-гий/-хий)		New
111	сладкий	sweet	сла́дкий	сладкая	сладкое	сладкие			горький	velar stem (-кий/-гий/-хий)		New
112	горький	bitter	го́рький	горькая	горькое	горькие			сладкий	velar stem (-кий/-гий/-хий)		New
113	кислый	sour	ки́слый	кислая	кислое	кислые				hard		New
114	солёный	salty	солёный	солёная	солёное	солёные				hard		New
115	вкусный	tasty; delicious	вку́сный	вкусная	вкусное	вкусные				hard		New
116	свежий	fresh	све́жий	свежая	свежее	свежие				sibilant stem (-жий/-ший/-чий/-щий)		New
117	сухой	dry	сухо́й	сухая	сухое	сухие			мокрый	stressed ending (-ой)		New
118	мокрый	wet	мо́крый	мокрая	мокрое	мокрые			сухой	hard		New
119	влажный	damp; humid	вла́жный	влажная	влажное	влажные				hard		New
120	живой	alive; lively	живо́й	живая	живое	живые			мёртвый	stressed ending (-ой)		New
121	мёртвый	dead	мёртвый	мёртвая	мёртвое	мёртвые			живой	hard		New
122	целый	whole; entire	це́лый	целая	целое	целые				hard		New
123	глубокий	deep	глубо́кий	глубокая	глубокое	глубокие			мелкий	velar stem (-кий/-гий/-хий)		New
124	мелкий	shallow; small	ме́лкий	мелкая	мелкое	мелкие			глубокий	velar stem (-кий/-гий/-хий)	shallow (water) or small/fine (grains, change)	New
125	широкий	wide	широ́кий	широкая	широкое	широкие			узкий	velar stem (-кий/-гий/-хий)		New
126	узкий	narrow	у́зкий	узкая	узкое	узкие			широкий	velar stem (-кий/-гий/-хий)		New
127	толстый	thick; fat	то́лстый	толстая	толстое	толстые			тонкий	hard		New
128	тонкий	thin	то́нкий	тонкая	тонкое	тонкие			толстый	velar stem (-кий/-гий/-хий)		New
129	круглый	round	кру́глый	круглая	круглое	круглые				hard		New
130	известный	famous; well-known	изве́стный	известная	известное	известные				hard		New
131	популярный	popular	популя́рный	популярная	популярное	популярные				hard		New
132	важный	important	ва́жный	важная	важное	важные				hard		New
133	нужный	needed; necessary	ну́жный	нужная	нужное	нужные				hard	often short form: мне нужен / нужна / нужно	New
134	лишний	extra; unnecessary	ли́шний	лишняя	лишнее	лишние				soft	soft-stem adjective	New
135	готовый	ready	гото́вый	готовая	готовое	готовые				hard	often short form: я гото́в / гото́ва	New
136	согласный	agreeing; in agreement	согла́сный	согласная	согласное	согласные				hard	mostly used in short form: я согла́сен / согла́сна	New
137	уверенный	confident; sure	уве́ренный	уверенная	уверенное	уверенные				hard	often short form: я уве́рен / уве́рена	New
138	опасный	dangerous	опа́сный	опасная	опасное	опасные			безопасный	hard		New
139	безопасный	safe	безопа́сный	безопасная	безопасное	безопасные			опасный	hard		New
140	прекрасный	wonderful; beautiful	прекра́сный	прекрасная	прекрасное	прекрасные				hard		New
141	отличный	excellent	отли́чный	отличная	отличное	отличные				hard		New
142	обычный	usual; ordinary	обы́чный	обычная	обычное	обычные			необычный	hard		New
143	необычный	unusual	необы́чный	необычная	необычное	необычные			обычный	hard		New
144	возможный	possible	возмо́жный	возможная	возможное	возможные			невозможный	hard		New
145	невозможный	impossible	невозмо́жный	невозможная	невозможное	невозможные			возможный	hard		New
146	знакомый	familiar	знако́мый	знакомая	знакомое	знакомые				hard	also a noun: 'an acquaintance'	New
147	любимый	favorite; beloved	люби́мый	любимая	любимое	любимые				hard		New
148	понятный	clear; understandable	поня́тный	понятная	понятное	понятные				hard		New
149	полезный	useful	поле́зный	полезная	полезное	полезные			вредный	hard		New
150	вредный	harmful	вре́дный	вредная	вредное	вредные			полезный	hard		New
151	удобный	comfortable; convenient	удо́бный	удобная	удобное	удобные				hard		New
152	виноватый	guilty	винова́тый	виноватая	виноватое	виноватые				hard	often short form: я винова́т / винова́та	New
