#	Adverb	English	Stress	From Adjective	Formation	Comparative	Additional Info	Status
1	по-новому	in a new way	по-но́вому	новый	по-...-ому	—	за́ново = anew	New
2	по-старому	the old way; as before	по-ста́рому	старый	по-...-ому	—	всё по-ста́рому = nothing's changed	New
3	хорошо	well	хорошо́	хороший	-о	лу́чше	Всё хорошо́ = everything's fine	New
4	плохо	badly	пло́хо	плохой	-о	ху́же	мне пло́хо = I feel bad / unwell	New
5	—		—	большой	none		no adverb; use мно́го (a lot) or о́чень (very)	
6	—		—	маленький	none		no adverb; use ма́ло (a little, not much)	
7	высоко	high (up)	высоко́	высокий	-о	вы́ше	stress moves to the ending	New
8	низко	low	ни́зко	низкий	-о	ни́же		New
9	сильно	strongly; a lot	си́льно	сильный	-о	сильне́е		New
10	слабо	weakly	сла́бо	слабый	-о	слабе́е		New
11	тяжело	heavily; with difficulty	тяжело́	тяжёлый	-о	тяжеле́е	мне тяжело́ = it's hard for me	New
12	легко	easily; lightly	легко́	лёгкий	-о	ле́гче	pronounced [лехко́]; stress moves to the ending	New
13	—		—	длинный	none		no adverb; use до́лго (for a long time)	
14	коротко	briefly; short	ко́ротко	короткий	-о	коро́че		New
15	быстро	quickly	бы́стро	быстрый	-о	быстре́е		New
16	медленно	slowly	ме́дленно	медленный	-о	ме́дленнее		New
17	трудно	with difficulty	тру́дно	трудный	-о	трудне́е	мне тру́дно = it's hard for me	New
18	просто	simply; just	про́сто	простой	-о	про́ще	also 'just': я про́сто уста́л = I'm just tired	New
19	сложно	in a complicated way	сло́жно	сложный	-о	сложне́е	э́то сло́жно = it's complicated	New
20	чисто	cleanly; purely	чи́сто	чистый	-о	чи́ще		New
21	грязно	dirtily	гря́зно	грязный	-о	грязне́е	здесь гря́зно = it's dirty here	New
22	дорого	expensively	до́рого	дорогой	-о	доро́же	э́то до́рого = that's expensive; stress moves	New
23	дёшево	cheaply	дёшево	дешёвый	-о	деше́вле		New
24	красиво	beautifully	краси́во	красивый	-о	краси́вее		New
25	уродливо	in an ugly way	уро́дливо	уродливый	-о	уро́дливее		New
26	ужасно	terribly; awfully	ужа́сно	ужасный	-о	ужа́снее	also 'really' as intensifier: ужа́сно рад	New
27	правильно	correctly	пра́вильно	правильный	-о	пра́вильнее	Пра́вильно! = That's right!	New
28	неправильно	incorrectly	непра́вильно	неправильный	-о	—		New
29	серьёзно	seriously	серьёзно	серьёзный	-о	серьёзнее	Серьёзно? = Seriously?	New
30	холодно	coldly	хо́лодно	холодный	-о	холодне́е	мне хо́лодно = I'm cold; stress moves	New
31	тепло	warmly	тепло́	тёплый	-о	тепле́е	на у́лице тепло́ = it's warm outside	New
32	жарко	hot (weather)	жа́рко	жаркий	-о	жа́рче	мне жа́рко = I'm hot	New
33	горячо	hotly; passionately	горячо́	горячий	-о	горяче́е		New
34	прохладно	coolly	прохла́дно	прохладный	-о	прохла́днее		New
35	тихо	quietly	ти́хо	тихий	-о	ти́ше	Ти́хо! = Quiet!	New
36	громко	loudly	гро́мко	громкий	-о	гро́мче		New
37	часто	often	ча́сто	частый	-о	ча́ще		New
38	редко	rarely	ре́дко	редкий	-о	ре́же		New
39	внимательно	attentively; carefully	внима́тельно	внимательный	-о	внима́тельнее		New
40	странно	strangely	стра́нно	странный	-о	стра́ннее		New
41	умно	cleverly	умно́	умный	-о	умне́е		New
42	глупо	stupidly	глу́по	глупый	-о	глупе́е		New
43	по-доброму	kindly; in a good way	по-до́брому	добрый	по-...-ому	—		New
44	зло	spitefully; angrily	зло	злой	-о	зле́е		New
45	смело	boldly; bravely	сме́ло	смелый	-о	смеле́е		New
46	богато	richly	бога́то	богатый	-о	бога́че		New
47	бедно	poorly (in poverty)	бе́дно	бедный	-о	бедне́е		New
48	здорово	healthily	здоро́во	здоровый	-о	здоро́вее	здо́рово! (different stress) = great! (colloquial)	New
49	больно	painfully	бо́льно	больной	-о	бо́льнее	мне бо́льно = it hurts	New
50	молодо	young (looking)	мо́лодо	молодой	-о	моло́же	rare; вы́глядеть мо́лодо = to look young	New
51	весело	cheerfully; merrily	ве́село	весёлый	-о	веселе́е	нам ве́село = we're having fun	New
52	грустно	sadly	гру́стно	грустный	-о	грустне́е	мне гру́стно = I'm sad	New
53	счастливо	happily	счастли́во	счастливый	-о	счастли́вее	Счастли́во! = take care / good luck (as a goodbye)	New
54	радостно	joyfully	ра́достно	радостный	-о	ра́достнее		New
55	честно	honestly	че́стно	честный	-о	честне́е	Че́стно? = Honestly?	New
56	хитро	cunningly; slyly	хитро́	хитрый	-о	хитре́е		New
57	строго	strictly	стро́го	строгий	-о	стро́же		New
58	жестоко	cruelly	жесто́ко	жестокий	-о	жесто́че		New
59	нежно	tenderly; gently	не́жно	нежный	-о	нежне́е		New
60	спокойно	calmly	споко́йно	спокойный	-о	споко́йнее		New
61	нервно	nervously	не́рвно	нервный	-о			New
62	нормально	normally; fine	норма́льно	нормальный	-о	норма́льнее	Как дела́? — Норма́льно. = How are you? — Fine.	New
63	лениво	lazily	лени́во	ленивый	-о	лени́вее		New
64	интересно	interestingly	интере́сно	интересный	-о	интере́снее	интере́сно, ... = I wonder ...	New
65	скучно	boringly	ску́чно	скучный	-о	скучне́е	мне ску́чно = I'm bored	New
66	смешно	funnily	смешно́	смешной	-о	смешне́е	э́то смешно́ = that's funny	New
67	—		—	белый	none		colors have no adverb	
68	—		—	чёрный	none		colors have no adverb	
69	—		—	красный	none		colors have no adverb	
70	—		—	синий	none		colors have no adverb	
71	—		—	зелёный	none		colors have no adverb	
72	—		—	жёлтый	none		colors have no adverb	
73	—		—	серый	none		colors have no adverb (се́ро = drab, grey, figuratively)	
74	—		—	коричневый	none		colors have no adverb	
75	—		—	главный	none		no adverb; use гла́вное (the main thing) or гла́вным о́бразом (mainly)	
76	во-первых	firstly	во-пе́рвых	первый	во-...-ых	—	во-вторы́х = secondly	New
77	—		—	последний	none		no adverb; use в после́дний раз (last time), в после́днее вре́мя (lately)	
78	—		—	следующий	none		no adverb; use сле́дующим о́бразом (as follows)	
79	—		—	предыдущий	none		no adverb; use ра́нее / до э́того (previously)	
80	рано	early	ра́но	ранний	-о	ра́ньше		New
81	поздно	late	по́здно	поздний	-о	по́зже		New
82	утром	in the morning	у́тром	утренний	from noun	—	instrumental of у́тро	New
83	вечером	in the evening	ве́чером	вечерний	from noun	—	instrumental of ве́чер	New
84	ночью	at night	но́чью	ночной	from noun	—	instrumental of ночь	New
85	днём	in the daytime; in the afternoon	днём	дневной	from noun	—	instrumental of день	New
86	зимой	in winter	зимо́й	зимний	from noun	—	instrumental of зима́	New
87	весной	in spring	весно́й	весенний	from noun	—	instrumental of весна́	New
88	летом	in summer	ле́том	летний	from noun	—	instrumental of ле́то	New
89	осенью	in autumn	о́сенью	осенний	from noun	—	instrumental of о́сень	New
90	—		—	прошлый	none		no adverb; use в про́шлом (in the past)	
91	по-настоящему	really; for real	по-настоя́щему	настоящий	по-...-ому	—		New
92	—		—	будущий	none		no adverb; use в бу́дущем (in the future)	
93	по-современному	in a modern way	по-совреме́нному	современный	по-...-ому	—		New
94	по-русски	in Russian; the Russian way	по-ру́сски	русский	по-...-и	—	говори́ть по-ру́сски = to speak Russian	New
95	по-разному	differently	по-ра́зному	разный	по-...-ому	—		New
96	одинаково	equally; the same way	одина́ково	одинаковый	-о	—		New
97	похоже	similarly	похо́же	похожий	-е	—	похо́же, ... = it seems ...; -е after ж	New
98	полностью	completely; fully	по́лностью	полный	irregular	—	formed from the noun по́лность	New
99	пусто	empty	пу́сто	пустой	-о	пусте́е	здесь пу́сто = it's empty here	New
100	свободно	freely; fluently	свобо́дно	свободный	-о	свобо́днее	свобо́дно говори́ть = to speak fluently	New
101	—		—	занятой	none		занятой has no adverb; за́нято (from за́нятый) = occupied / line busy	
102	открыто	openly	откры́то	открытый	-о	—	Откры́то = Open (sign)	New
103	закрыто	closed	закры́то	закрытый	-о	—	Закры́то = Closed (sign)	New
104	направо / справа	to the right / on the right	напра́во / спра́ва	правый	irregular	—		New
105	налево / слева	to the left / on the left	нале́во / сле́ва	левый	irregular	—		New
106	прямо	straight; directly	пря́мо	прямой	-о	пряме́е	иди́те пря́мо = go straight ahead	New
107	остро	sharply; acutely	о́стро	острый	-о	остре́е		New
108	тупо	bluntly; dully	ту́по	тупой	-о	тупе́е	colloquial: mindlessly	New
109	твёрдо	firmly	твёрдо	твёрдый	-о	твёрже		New
110	мягко	softly; gently	мя́гко	мягкий	-о	мя́гче		New
111	сладко	sweetly	сла́дко	сладкий	-о	сла́ще		New
112	горько	bitterly	го́рько	горький	-о	го́рче	Го́рько! = shouted at weddings for the couple to kiss	New
113	кисло	sourly	ки́сло	кислый	-о	кисле́е		New
114	солоно	saltily	со́лоно	солёный	-о	солоне́е	stress moves: солёный → со́лоно	New
115	вкусно	tastily	вку́сно	вкусный	-о	вкусне́е	О́чень вку́сно! = It's delicious!	New
116	свежо	freshly	свежо́	свежий	-о	свеже́е	на у́лице свежо́ = it's chilly outside	New
117	сухо	dryly	су́хо	сухой	-о	су́ше		New
118	мокро	wet	мо́кро	мокрый	-о	мокре́е	на у́лице мо́кро = it's wet outside	New
119	влажно	humid	вла́жно	влажный	-о	влажне́е		New
120	живо	vividly; lively	жи́во	живой	-о	живе́е		New
121	мёртво	deathly; lifelessly	мёртво	мёртвый	-о	—	rare / literary	New
122	целиком	entirely; whole	це́ликом	целый	irregular	—		New
123	глубоко	deeply	глубоко́	глубокий	-о	глу́бже		New
124	мелко	finely (chopped); shallowly	ме́лко	мелкий	-о	ме́льче	ме́лко наре́зать = to chop finely	New
125	широко	widely	широко́	широкий	-о	ши́ре		New
126	узко	narrowly	у́зко	узкий	-о	у́же		New
127	толсто	thickly	то́лсто	толстый	-о	то́лще		New
128	тонко	thinly; subtly	то́нко	тонкий	-о	то́ньше		New
129	—		—	круглый	none		no common adverb; круглосу́точно = around the clock	
130	известно	it is known	изве́стно	известный	-о	—	как изве́стно = as is well known	New
131	популярно	accessibly; in plain terms	популя́рно	популярный	-о	популя́рнее		New
132	важно	importantly	ва́жно	важный	-о	важне́е	э́то ва́жно = it's important	New
133	нужно	necessary	ну́жно	нужный	-о	—	мне ну́жно + infinitive = I need to	New
134	—		—	лишний	none		no adverb	
135	—		—	готовый	none		no adverb; short form гото́во = it's ready	
136	согласно	according to	согла́сно	согласный	-о	—	a preposition: согла́сно + dative	New
137	уверенно	confidently	уве́ренно	уверенный	-о	уве́реннее		New
138	опасно	dangerously	опа́сно	опасный	-о	опа́снее	э́то опа́сно = it's dangerous	New
139	безопасно	safely	безопа́сно	безопасный	-о	безопа́снее		New
140	прекрасно	wonderfully	прекра́сно	прекрасный	-о	—	Прекра́сно! = Wonderful!	New
141	отлично	excellently	отли́чно	отличный	-о	—	Отли́чно! = Excellent!	New
142	обычно	usually	обы́чно	обычный	-о	—		New
143	необычно	unusually	необы́чно	необычный	-о	необы́чнее		New
144	возможно	possibly; perhaps	возмо́жно	возможный	-о	—		New
145	невозможно	impossibly	невозмо́жно	невозможный	-о	—	э́то невозмо́жно = it's impossible	New
146	знакомо	familiar	знако́мо	знакомый	-о	—	звучи́т знако́мо = sounds familiar	New
147	—		—	любимый	none		no adverb	
148	понятно	clearly	поня́тно	понятный	-о	поня́тнее	Поня́тно. = Got it / I see.	New
149	полезно	usefully	поле́зно	полезный	-о	поле́знее	э́то поле́зно = it's good for you	New
150	вредно	harmfully	вре́дно	вредный	-о	вредне́е	э́то вре́дно = it's bad for you	New
151	удобно	conveniently; comfortably	удо́бно	удобный	-о	удо́бнее	вам удо́бно? = is that convenient / are you comfortable?	New
152	виновато	guiltily	винова́то	виноватый	-о	—		New
