#	Imperfective	Perfective	English	Stress	Conjugation	я (1sg)	ты (2sg)	они (3pl)	Past (m / f)	Case / Preposition	Additional Info	Status
1	делать	сделать	do; make	де́лать / сде́лать	1st (-ешь)	де́лаю	де́лаешь	де́лают	де́лал / де́лала	+ accusative		New
2	говорить	сказать	speak, talk / say, tell	говори́ть / сказа́ть							suppletive pair (different roots)	New
3	мочь	смочь	be able to; can	мочь / смочь							irregular: могу́, мо́жешь, мо́гут; past мог, могла́	New
4	знать	узнать	know / find out	знать / узна́ть							узнать also = recognize	New
5	идти	пойти	go (on foot)	идти́ / пойти́							unidirectional motion verb; past шёл, шла	New
6	видеть	увидеть	see	ви́деть / уви́деть								New
7	думать	подумать	think	ду́мать / поду́мать								New
8	спрашивать	спросить	ask (a question)	спра́шивать / спроси́ть								New
9	жить	прожить	live	жить / прожи́ть							прожить = live (for a period); живу́, живёшь	New
10	смотреть	посмотреть	look; watch	смотре́ть / посмотре́ть								New
11	сидеть	посидеть	sit (be seated)	сиде́ть / посиде́ть							по- perfective = do for a little while	New
12	понимать	понять	understand	понима́ть / поня́ть								New
13	давать	дать	give	дава́ть / дать							даю́, даёшь; дать is irregular: дам, дашь, даст, дади́м, дади́те, даду́т	New
14	брать	взять	take	брать / взять							suppletive pair; беру́, берёшь / возьму́, возьмёшь	New
15	писать	написать	write	писа́ть / написа́ть								New
16	читать	прочитать	read	чита́ть / прочита́ть								New
17	работать	поработать	work	рабо́тать / порабо́тать							по- perfective = do for a little while	New
18	любить	полюбить	love; like	люби́ть / полюби́ть								New
19	отвечать	ответить	answer	отвеча́ть / отве́тить								New
20	помнить	вспомнить	remember / recall	по́мнить / вспо́мнить							вспомнить = recall (not a strict pair)	New
21	ждать	подождать	wait	ждать / подожда́ть								New
22	лежать	полежать	lie (be lying down)	лежа́ть / полежа́ть							по- perfective = do for a little while	New
23	стоять	постоять	stand (be standing)	стоя́ть / постоя́ть							по- perfective = do for a little while	New
24	получать	получить	receive; get	получа́ть / получи́ть								New
25	приходить	прийти	come; arrive (on foot)	приходи́ть / прийти́								New
26	уходить	уйти	leave (on foot)	уходи́ть / уйти́								New
27	находить	найти	find	находи́ть / найти́								New
28	выходить	выйти	go out; exit	выходи́ть / вы́йти								New
29	начинать	начать	begin; start	начина́ть / нача́ть								New
30	заканчивать	закончить	finish; end	зака́нчивать / зако́нчить								New
31	открывать	открыть	open	открыва́ть / откры́ть								New
32	закрывать	закрыть	close	закрыва́ть / закры́ть								New
33	забывать	забыть	forget	забыва́ть / забы́ть								New
34	помогать	помочь	help	помога́ть / помо́чь							+ dative (помогать кому)	New
35	играть	сыграть	play	игра́ть / сыгра́ть								New
36	спать	поспать	sleep	спать / поспа́ть								New
37	есть	съесть	eat	есть / съесть							irregular: ем, ешь, ест, еди́м, еди́те, едя́т	New
38	пить	выпить	drink	пить / вы́пить							пью, пьёшь	New
39	покупать	купить	buy	покупа́ть / купи́ть								New
40	продавать	продать	sell	продава́ть / прода́ть								New
41	платить	заплатить	pay	плати́ть / заплати́ть								New
42	решать	решить	decide; solve	реша́ть / реши́ть								New
43	слушать	послушать	listen	слу́шать / послу́шать								New
44	слышать	услышать	hear	слы́шать / услы́шать								New
45	чувствовать	почувствовать	feel	чу́вствовать / почу́вствовать								New
46	терять	потерять	lose	теря́ть / потеря́ть								New
47	верить	поверить	believe	ве́рить / пове́рить								New
48	просить	попросить	ask (for); request	проси́ть / попроси́ть								New
49	объяснять	объяснить	explain	объясня́ть / объясни́ть								New
50	надеяться	понадеяться	hope; rely on	наде́яться / понаде́яться								New
51	улыбаться	улыбнуться	smile	улыба́ться / улыбну́ться								New
52	смеяться	засмеяться	laugh / burst out laughing	смея́ться / засмея́ться							за- perfective = start doing	New
53	плакать	заплакать	cry / start crying	пла́кать / запла́кать							за- perfective = start doing; пла́чу, пла́чешь	New
54	бояться	испугаться	be afraid / get scared	боя́ться / испуга́ться							+ genitive; not a strict pair (испугаться = get scared)	New
55	падать	упасть	fall	па́дать / упа́сть								New
56	поднимать	поднять	lift; raise; pick up	поднима́ть / подня́ть								New
57	бросать	бросить	throw; quit	броса́ть / бро́сить								New
58	искать	поискать	look for; search	иска́ть / поиска́ть								New
59	посылать	послать	send	посыла́ть / посла́ть								New
60	менять	поменять	change; exchange	меня́ть / поменя́ть								New
61	выбирать	выбрать	choose	выбира́ть / вы́брать								New
62	готовить	приготовить	prepare; cook	гото́вить / пригото́вить								New
63	учить	выучить	learn (memorize); teach	учи́ть / вы́учить							учить что = learn/memorize; учить кого чему = teach	New
64	учиться	научиться	study / learn how to	учи́ться / научи́ться							учиться + dative (subject) or где (at a school)	New
65	строить	построить	build	стро́ить / постро́ить								New
66	ломать	сломать	break	лома́ть / слома́ть								New
67	петь	спеть	sing	петь / спеть							пою́, поёшь	New
68	танцевать	потанцевать	dance	танцева́ть / потанцева́ть								New
69	летать	полететь	fly	лета́ть / полете́ть							motion verb: multidirectional impf.; pf. is по- + unidirectional (лететь)	New
70	бегать	побежать	run	бе́гать / побежа́ть							motion verb: multidirectional impf.; pf. is по- + unidirectional (бежать)	New
71	плавать	поплыть	swim; sail	пла́вать / поплы́ть							motion verb: multidirectional impf.; pf. is по- + unidirectional (плыть)	New
72	ездить	поехать	go (by vehicle); ride	е́здить / пое́хать							motion verb: multidirectional impf.; pf. is по- + unidirectional (ехать)	New
73	водить	повести	lead; drive (a car)	води́ть / повести́							motion verb: multidirectional; повести is pf. of вести	New
74	носить	понести	carry; wear	носи́ть / понести́							motion verb: multidirectional; понести is pf. of нести	New
75	возить	повезти	transport; drive (someone)	вози́ть / повезти́							motion verb: multidirectional; повезти is pf. of везти (also = to be lucky)	New
76	приносить	принести	bring	приноси́ть / принести́								New
77	уносить	унести	carry away	уноси́ть / унести́								New
78	мыть	помыть	wash	мыть / помы́ть							мо́ю, мо́ешь	New
79	стирать	постирать	do laundry; wash clothes	стира́ть / постира́ть								New
80	убирать	убрать	clean up; tidy; put away	убира́ть / убра́ть								New
81	чистить	почистить	clean; brush; peel	чи́стить / почи́стить								New
82	резать	порезать	cut; slice	ре́зать / поре́зать								New
83	варить	сварить	boil; cook	вари́ть / свари́ть								New
84	жарить	пожарить	fry; roast	жа́рить / пожа́рить								New
85	печь	испечь	bake	печь / испе́чь							пеку́, печёшь, пеку́т; past пёк, пекла́	New
86	встречать	встретить	meet	встреча́ть / встре́тить								New
87	провожать	проводить	see off; accompany	провожа́ть / проводи́ть							проводи́ть (impf.) also = spend (time)	New
88	целовать	поцеловать	kiss	целова́ть / поцелова́ть								New
89	обнимать	обнять	hug	обнима́ть / обня́ть								New
90	жениться	пожениться	marry (of a man) / get married (couple)	жени́ться / пожени́ться							жениться на + prep. (of a man); пожениться = (a couple) get married	New
91	разводиться	развестись	get divorced	разводи́ться / развести́сь								New
92	рожать	родить	give birth	рожа́ть / роди́ть								New
93	растить	вырастить	raise; grow	расти́ть / вы́растить								New
94	болеть	заболеть	be ill / fall ill	боле́ть / заболе́ть								New
95	лечить	вылечить	treat / cure	лечи́ть / вы́лечить								New
96	отдыхать	отдохнуть	rest; relax	отдыха́ть / отдохну́ть								New
97	уставать	устать	get tired	устава́ть / уста́ть							устаю́, устаёшь	New
98	просыпаться	проснуться	wake up	просыпа́ться / просну́ться								New
99	засыпать	заснуть	fall asleep	засыпа́ть / засну́ть								New
100	мечтать	помечтать	dream	мечта́ть / помечта́ть								New
101	желать	пожелать	wish	жела́ть / пожела́ть								New
102	приказывать	приказать	order; command	прика́зывать / приказа́ть								New
103	запрещать	запретить	forbid	запреща́ть / запрети́ть								New
104	разрешать	разрешить	allow; permit	разреша́ть / разреши́ть								New
105	обещать	пообещать	promise	обеща́ть / пообеща́ть								New
106	обманывать	обмануть	deceive; cheat	обма́нывать / обману́ть								New
107	доверять	доверить	trust / entrust	доверя́ть / дове́рить								New
108	требовать	потребовать	demand	тре́бовать / потре́бовать								New
109	показывать	показать	show	пока́зывать / показа́ть								New
110	казаться	показаться	seem; appear	каза́ться / показа́ться							мне ка́жется = it seems to me	New
111	оставаться	остаться	stay; remain	остава́ться / оста́ться								New
112	возвращаться	вернуться	return; come back	возвраща́ться / верну́ться								New
113	продолжать	продолжить	continue	продолжа́ть / продо́лжить								New
114	предлагать	предложить	offer; suggest	предлага́ть / предложи́ть								New
115	создавать	создать	create	создава́ть / созда́ть							создаю́, создаёшь	New
116	происходить	произойти	happen; occur	происходи́ть / произойти́								New
117	получаться	получиться	turn out; work out	получа́ться / получи́ться								New
118	считать	посчитать	count; consider	счита́ть / посчита́ть								New
119	называть	назвать	name; call	называ́ть / назва́ть								New
120	проходить	пройти	pass; go through	проходи́ть / пройти́								New
121	отдавать	отдать	give back; give away	отдава́ть / отда́ть							отдаю́, отдаёшь	New
122	передавать	передать	pass; hand over; convey	передава́ть / переда́ть							передаю́, передаёшь	New
123	вставать	встать	get up; stand up	встава́ть / встать							встаю́, встаёшь	New
124	убивать	убить	kill	убива́ть / уби́ть								New
125	умирать	умереть	die	умира́ть / умере́ть							умереть: past у́мер, умерла́, у́мерли	New
126	существовать	просуществовать	exist	существова́ть / просуществова́ть							no true perfective; просуществовать = exist for a period	New
127	оказываться	оказаться	turn out; end up	ока́зываться / оказа́ться								New
128	случаться	случиться	happen	случа́ться / случи́ться								New
129	собирать	собрать	collect; gather	собира́ть / собра́ть								New
130	собираться	собраться	gather; intend to	собира́ться / собра́ться							собираться + infinitive = plan/intend to	New
131	касаться	коснуться	touch; concern	каса́ться / косну́ться							+ genitive; это тебя не каса́ется	New
132	замечать	заметить	notice	замеча́ть / заме́тить								New
133	признавать	признать	admit; recognize	признава́ть / призна́ть							признаю́, признаёшь	New
134	готовиться	подготовиться	prepare (oneself)	гото́виться / подгото́виться								New
135	хватать	хватить	be enough; grab	хвата́ть / хвати́ть							хватить + genitive, often impersonal: мне не хвата́ет вре́мени	New
136	обращаться	обратиться	turn to; address; treat	обраща́ться / обрати́ться							обращаться к + dative = turn to, address	New
137	отличаться	отличиться	differ / distinguish oneself	отлича́ться / отличи́ться							отличаться от + genitive; perfective has a different meaning	New
138	ошибаться	ошибиться	make a mistake; be wrong	ошиба́ться / ошиби́ться								New
139	прятать	спрятать	hide	пря́тать / спря́тать								New
140	сдавать	сдать	take (exam) / pass (exam); hand in	сдава́ть / сдать							сдавать экзамен = take; сдать экзамен = pass	New
141	молчать	промолчать	be silent / keep quiet	молча́ть / промолча́ть								New
142	кричать	крикнуть	shout / give a shout	крича́ть / кри́кнуть							крикнуть = give a single shout	New
143	соглашаться	согласиться	agree	соглаша́ться / согласи́ться								New
144	отказываться	отказаться	refuse; decline	отка́зываться / отказа́ться								New
145	жаловаться	пожаловаться	complain	жа́ловаться / пожа́ловаться								New
146	удивляться	удивиться	be surprised	удивля́ться / удиви́ться								New
147	радоваться	обрадоваться	be glad / become glad	ра́доваться / обра́доваться								New
148	гордиться	возгордиться	be proud / become arrogant	горди́ться / возгорди́ться							+ instrumental; возгордиться is not a strict pair	New
149	нападать	напасть	attack	напада́ть / напа́сть								New
150	защищать	защитить	defend; protect	защища́ть / защити́ть								New
151	спасать	спасти	save; rescue	спаса́ть / спасти́								New
152	красть	украсть	steal	красть / укра́сть							краду́, крадёшь	New
153	лгать	солгать	lie (tell lies)	лгать / солга́ть							лгу, лжёшь	New
154	шутить	пошутить	joke	шути́ть / пошути́ть								New
155	наказывать	наказать	punish	нака́зывать / наказа́ть								New
156	прощать	простить	forgive	проща́ть / прости́ть								New
157	ценить	оценить	value / evaluate	цени́ть / оцени́ть								New
158	проверять	проверить	check; verify	проверя́ть / прове́рить								New
159	спорить	поспорить	argue / bet	спо́рить / поспо́рить							поспорить also = make a bet	New
160	сравнивать	сравнить	compare	сра́внивать / сравни́ть								New
161	приглашать	пригласить	invite	приглаша́ть / пригласи́ть								New
162	поздравлять	поздравить	congratulate	поздравля́ть / поздра́вить								New
163	жалеть	пожалеть	regret; feel sorry for	жале́ть / пожале́ть								New
164	советовать	посоветовать	advise	сове́товать / посове́товать							+ dative	New
165	наблюдать	понаблюдать	observe; watch	наблюда́ть / понаблюда́ть								New
166	догадываться	догадаться	guess; figure out	дога́дываться / догада́ться								New
167	привыкать	привыкнуть	get used to	привыка́ть / привы́кнуть								New
168	надоедать	надоесть	bore; annoy	надоеда́ть / надое́сть							often impersonal: мне надое́ло = I'm sick of it	New
169	мешать	помешать	bother; hinder	меша́ть / помеша́ть							+ dative	New
170	звонить	позвонить	call (phone); ring	звони́ть / позвони́ть							+ dative (звонить кому)	New
171	двигаться	двинуться	move	дви́гаться / дви́нуться								New
172	дышать	подышать	breathe	дыша́ть / подыша́ть								New
173	вешать	повесить	hang	ве́шать / пове́сить								New
174	останавливать	остановить	stop (something/someone)	остана́вливать / останови́ть								New
175	останавливаться	остановиться	stop; stay (at a place)	остана́вливаться / останови́ться								New
176	тратить	потратить	spend	тра́тить / потра́тить								New
177	зарабатывать	заработать	earn	зараба́тывать / зарабо́тать								New
178	копить	накопить	save up	копи́ть / накопи́ть								New
179	делиться	поделиться	share	дели́ться / подели́ться								New
